classe;baseline_2019;central_2019;adverse_2019
1;0.0695029;0.0780833;0.0931369
2;0.1369492;0.1528864;0.180606
3;0.2988414;0.3310626;0.3865133
4;0.5654701;0.6222705;0.7191157
5;0.8485804;0.9296592;1.0670355
6;1.5402161;1.6757562;1.9031722
7;3.6388536;3.9162175;4.3743467
8;7.7536569;8.2552576;9.070633
9;15.2450104;16.0538295;17.3464867
10;40.0445437;41.3535147;43.3773985
