classe;baseline_2018;central_2018;adverse_2018
1;0.0713588;0.0727683;0.0756172
2;0.1404056;0.1430271;0.1483169
3;0.3058524;0.3111612;0.3218514
4;0.5778648;0.5872368;0.6060747
5;0.8663073;0.8796982;0.9065811
6;1.56994;1.5923595;1.6372817
7;3.6999743;3.7459635;3.83783
8;7.864736;7.9481093;8.1141325
9;15.425059;15.5598449;15.8273557
10;40.3389024;40.5581337;40.9904244
