classe;baseline_2020;central_2020;adverse_2020
1;0.0700249;0.0903975;0.1242949
2;0.1379219;0.1755827;0.2371765
3;0.3008157;0.3765159;0.4977401
4;0.5689625;0.7017339;0.9104614
5;0.8535773;1.0424541;1.3357137
6;1.5486;1.8626734;2.3409346
7;3.6561104;4.2933861;5.2340508
8;7.7850509;8.9276681;10.5616186
9;15.2959521;17.1217301;19.6461885
10;40.1280035;43.0312587;46.7904005
